<BackupInst xmlns="http://www.microsoft.com/GroupPolicy/GPOOperations/Manifest"><GPOGuid><![CDATA[{FDD049C2-ED55-4986-92DD-7F7F737533D3}]]></GPOGuid><GPODomain><![CDATA[rras.local]]></GPODomain><GPODomainGuid><![CDATA[{887ecd03-1a3c-404e-adcc-410f5fc76e6c}]]></GPODomainGuid><GPODomainController><![CDATA[RRAS1.rras.local]]></GPODomainController><BackupTime><![CDATA[2018-03-14T09:04:18]]></BackupTime><ID><![CDATA[{7A3AE19B-11BE-4CF7-A078-15C03A897E90}]]></ID><Comment><![CDATA[]]></Comment><GPODisplayName><![CDATA[SN-Tier X Firewall Baseline]]></GPODisplayName></BackupInst>
