<Backups xmlns="http://www.microsoft.com/GroupPolicy/GPOOperations/Manifest" xmlns:mfst="http://www.microsoft.com/GroupPolicy/GPOOperations/Manifest" mfst:version="1.0"><BackupInst><GPOGuid><![CDATA[{A598FC67-1BC5-4C2C-96A0-F1B50A21DA52}]]></GPOGuid><GPODomain><![CDATA[rras.local]]></GPODomain><GPODomainGuid><![CDATA[{887ecd03-1a3c-404e-adcc-410f5fc76e6c}]]></GPODomainGuid><GPODomainController><![CDATA[RRAS1.rras.local]]></GPODomainController><BackupTime><![CDATA[2018-03-14T09:04:32]]></BackupTime><ID><![CDATA[{C69D83C5-1636-4AD7-B632-1F9B6963054E}]]></ID><Comment><![CDATA[]]></Comment><GPODisplayName><![CDATA[SN-Server Role - Remote Administration firewall Baseline]]></GPODisplayName></BackupInst><BackupInst><GPOGuid><![CDATA[{A576723D-F600-4C78-8077-E3832B6EB65B}]]></GPOGuid><GPODomain><![CDATA[rras.local]]></GPODomain><GPODomainGuid><![CDATA[{887ecd03-1a3c-404e-adcc-410f5fc76e6c}]]></GPODomainGuid><GPODomainController><![CDATA[RRAS1.rras.local]]></GPODomainController><BackupTime><![CDATA[2018-03-14T09:04:18]]></BackupTime><ID><![CDATA[{EB8AA8AC-840C-4E15-9EA4-DAB25D6CB3A5}]]></ID><Comment><![CDATA[]]></Comment><GPODisplayName><![CDATA[SN-Domain Firewall Baseline]]></GPODisplayName></BackupInst><BackupInst><GPOGuid><![CDATA[{FDD049C2-ED55-4986-92DD-7F7F737533D3}]]></GPOGuid><GPODomain><![CDATA[rras.local]]></GPODomain><GPODomainGuid><![CDATA[{887ecd03-1a3c-404e-adcc-410f5fc76e6c}]]></GPODomainGuid><GPODomainController><![CDATA[RRAS1.rras.local]]></GPODomainController><BackupTime><![CDATA[2018-03-14T09:04:18]]></BackupTime><ID><![CDATA[{7A3AE19B-11BE-4CF7-A078-15C03A897E90}]]></ID><Comment><![CDATA[]]></Comment><GPODisplayName><![CDATA[SN-Tier X Firewall Baseline]]></GPODisplayName></BackupInst></Backups>