<BackupInst xmlns="http://www.microsoft.com/GroupPolicy/GPOOperations/Manifest"><GPOGuid><![CDATA[{A598FC67-1BC5-4C2C-96A0-F1B50A21DA52}]]></GPOGuid><GPODomain><![CDATA[rras.local]]></GPODomain><GPODomainGuid><![CDATA[{887ecd03-1a3c-404e-adcc-410f5fc76e6c}]]></GPODomainGuid><GPODomainController><![CDATA[RRAS1.rras.local]]></GPODomainController><BackupTime><![CDATA[2018-03-14T09:04:32]]></BackupTime><ID><![CDATA[{C69D83C5-1636-4AD7-B632-1F9B6963054E}]]></ID><Comment><![CDATA[]]></Comment><GPODisplayName><![CDATA[SN-Server Role - Remote Administration firewall Baseline]]></GPODisplayName></BackupInst>
