<BackupInst xmlns="http://www.microsoft.com/GroupPolicy/GPOOperations/Manifest"><GPOGuid><![CDATA[{A576723D-F600-4C78-8077-E3832B6EB65B}]]></GPOGuid><GPODomain><![CDATA[rras.local]]></GPODomain><GPODomainGuid><![CDATA[{887ecd03-1a3c-404e-adcc-410f5fc76e6c}]]></GPODomainGuid><GPODomainController><![CDATA[RRAS1.rras.local]]></GPODomainController><BackupTime><![CDATA[2018-03-14T09:04:18]]></BackupTime><ID><![CDATA[{EB8AA8AC-840C-4E15-9EA4-DAB25D6CB3A5}]]></ID><Comment><![CDATA[]]></Comment><GPODisplayName><![CDATA[SN-Domain Firewall Baseline]]></GPODisplayName></BackupInst>
